date,updated,feeds_ok,feeds_failed,collected,listed,skipped,rank_ok,rank_failed_calls,body_ok,body_failed,summary_target,summary_ok,summary_failed,summary_pending,failed_feeds
2026-06-29,2026-10-01 02:21,,0,20,11,1,1,0,11,0,11,8,3,0,
2026-06-30,2026-10-01 02:21,,0,10,0,1,1,0,0,0,0,0,0,0,
2026-07-01,2026-10-01 02:21,,0,18,5,1,1,0,5,0,5,5,0,0,
2026-07-02,2026-10-01 02:21,,0,14,0,1,1,0,0,0,0,0,0,0,
2026-07-03,2026-10-01 02:21,,0,10,4,2,1,0,4,0,4,4,0,0,
2026-07-04,2026-10-01 02:21,,0,7,1,4,1,0,1,0,1,0,1,0,
2026-07-05,2026-10-01 02:21,,0,5,3,2,1,0,3,0,3,3,0,0,
2026-07-06,2026-10-01 02:21,,0,3,2,1,1,0,2,0,2,2,0,0,
2026-07-07,2026-10-01 02:21,,0,13,0,3,1,0,0,0,0,0,0,0,
2026-07-08,2026-10-01 02:21,,0,12,2,4,1,0,2,0,2,2,0,0,
2026-07-09,2026-10-01 02:21,,0,22,5,1,1,0,5,0,5,3,2,0,
2026-07-10,2026-10-01 02:21,,0,26,3,3,1,0,3,0,3,3,0,0,
2026-07-11,2026-10-01 02:21,,0,9,6,2,1,0,6,0,6,6,0,0,
2026-07-12,2026-10-01 02:21,,0,4,1,3,1,0,1,0,1,1,0,0,
2026-07-13,2026-10-01 02:21,,0,1,0,1,1,0,0,0,0,0,0,0,
2026-07-14,2026-10-01 02:21,,0,12,3,3,1,0,3,0,3,3,0,0,
2026-07-15,2026-10-01 02:21,,0,27,1,5,1,0,1,0,1,1,0,0,
2026-07-16,2026-10-01 02:21,,0,19,4,2,1,0,4,0,4,4,0,0,
2026-07-17,2026-10-01 02:21,,0,22,2,4,1,0,2,0,2,2,0,0,
2026-07-18,2026-10-01 02:21,,0,17,5,1,1,0,5,0,5,5,0,0,
2026-07-19,2026-10-01 02:21,,0,12,4,2,1,0,4,0,4,4,0,0,
2026-07-20,2026-10-01 02:21,,0,5,2,3,1,0,2,0,2,2,0,0,
2026-07-21,2026-10-01 02:21,,0,22,0,6,1,0,0,0,0,0,0,0,
2026-07-22,2026-10-01 02:21,,0,18,1,5,1,0,1,0,1,1,0,0,
2026-07-23,2026-10-01 02:21,,0,27,3,3,1,0,3,0,3,3,0,0,
2026-07-24,2026-10-01 02:21,,0,15,2,2,1,0,2,0,2,2,0,0,
2026-07-25,2026-10-01 02:21,,0,16,5,1,1,0,5,0,5,1,4,0,
2026-07-26,2026-10-01 02:21,,0,6,1,5,1,0,1,0,1,1,0,0,
2026-07-27,2026-10-01 02:21,,0,9,3,3,1,0,3,0,3,3,0,0,
2026-07-28,2026-10-01 02:21,,1,9,6,0,1,0,6,0,6,6,0,0,https://news.google.com/rss/search?q=AI+OR+Artificial+Intelligence&hl=ko&gl=KR&ceid=KR:ko
2026-07-29,2026-10-01 02:21,,0,14,4,2,1,0,4,0,4,4,0,0,
2026-07-30,2026-10-01 02:21,,0,14,5,1,1,0,5,0,5,5,0,0,
2026-07-31,2026-10-01 02:21,,0,14,3,3,1,0,3,0,3,3,0,0,
2026-08-01,2026-10-01 02:21,,0,25,2,4,1,0,2,0,2,2,0,0,
2026-08-02,2026-10-01 02:21,,0,6,2,4,1,0,2,0,2,2,0,0,
2026-08-03,2026-10-01 02:21,,0,4,2,2,1,0,2,0,2,2,0,0,
2026-08-04,2026-10-01 02:21,,0,15,1,5,1,0,1,0,1,1,0,0,
2026-08-05,2026-10-01 02:21,,0,14,0,6,1,0,0,0,0,0,0,0,
2026-08-06,2026-10-01 02:21,,0,18,6,2,1,0,6,0,6,6,0,0,
2026-08-07,2026-10-01 02:21,,0,14,3,3,1,0,3,0,3,3,0,0,
2026-08-08,2026-10-01 02:21,,0,8,3,5,1,0,3,0,3,3,0,0,
2026-08-09,2026-10-01 02:21,,0,4,2,2,1,0,2,0,2,2,0,0,
2026-08-10,2026-10-01 02:21,,0,7,4,2,1,0,4,0,4,1,3,0,
2026-08-11,2026-10-01 02:21,,0,7,4,2,1,0,4,0,4,4,0,0,
2026-08-12,2026-10-01 02:21,,0,15,1,5,1,0,1,0,1,1,0,0,
2026-08-13,2026-10-01 02:21,,0,13,6,0,1,0,6,0,6,6,0,0,
2026-08-14,2026-10-01 02:21,,0,11,3,3,1,0,3,0,3,2,1,0,
2026-08-15,2026-10-01 02:21,,0,7,6,1,1,0,6,0,6,5,1,0,
2026-08-16,2026-10-01 02:21,,0,5,5,0,1,0,5,0,5,5,0,0,
2026-08-17,2026-10-01 02:21,,0,3,2,1,1,0,2,0,2,2,0,0,
2026-08-18,2026-10-01 02:21,,0,7,5,1,1,0,5,0,5,5,0,0,
2026-08-19,2026-10-01 02:21,,0,10,6,1,1,0,6,0,6,6,0,0,
2026-08-20,2026-10-01 02:21,,0,13,4,2,1,0,4,0,4,1,3,0,
2026-08-21,2026-10-01 02:21,,0,15,5,1,1,0,5,0,5,5,0,0,
2026-08-22,2026-10-01 02:21,,0,12,0,6,1,0,0,2,0,0,0,0,
2026-08-23,2026-10-01 02:21,,0,6,3,3,1,0,3,0,3,1,2,0,
2026-08-24,2026-10-01 02:21,,0,6,3,3,1,0,3,0,3,1,2,0,
2026-08-25,2026-10-01 02:21,,0,7,5,1,1,0,5,0,5,1,4,0,
2026-08-26,2026-10-01 02:21,,0,9,4,2,1,0,4,0,4,4,0,0,
2026-08-27,2026-10-01 02:21,,0,21,16,5,1,0,16,1,16,1,15,0,
2026-08-28,2026-10-01 02:21,,0,15,4,2,1,0,4,0,4,4,0,0,
2026-08-29,2026-10-01 02:21,,0,7,5,2,1,0,5,0,5,5,0,0,
2026-08-30,2026-10-01 02:21,,0,4,3,1,1,0,3,0,3,3,0,0,
2026-08-31,2026-10-01 02:21,,0,4,2,2,1,0,2,0,2,2,0,0,
2026-09-01,2026-10-01 02:21,,0,10,7,3,1,0,7,0,7,6,1,0,
2026-09-02,2026-10-01 02:21,,0,9,6,1,1,0,6,0,6,4,2,0,
2026-09-03,2026-10-01 02:21,,0,13,5,1,1,0,5,0,5,1,4,0,
2026-09-04,2026-10-01 02:21,,1,6,6,0,1,0,6,0,6,6,0,0,https://venturebeat.com/category/ai/feed/
2026-09-05,2026-10-01 02:21,,1,10,4,3,1,0,4,0,4,4,0,0,https://venturebeat.com/category/ai/feed/
2026-09-06,2026-10-01 02:21,,1,3,2,0,1,0,2,0,2,2,0,0,https://venturebeat.com/category/ai/feed/
2026-09-07,2026-10-01 02:21,,1,2,0,1,1,0,0,0,0,0,0,0,https://venturebeat.com/category/ai/feed/
2026-09-08,2026-10-01 02:21,,1,1,0,1,1,0,0,0,0,0,0,0,https://venturebeat.com/category/ai/feed/
2026-09-09,2026-10-01 02:21,,1,9,5,1,1,0,5,0,5,5,0,0,https://venturebeat.com/category/ai/feed/
2026-09-10,2026-10-01 02:21,,1,19,5,1,1,0,5,0,5,5,0,0,https://venturebeat.com/category/ai/feed/
2026-09-11,2026-10-01 02:21,,1,8,6,0,1,0,6,0,6,6,0,0,https://venturebeat.com/category/ai/feed/
2026-09-12,2026-10-01 02:21,,1,9,5,2,1,0,5,0,5,5,0,0,https://venturebeat.com/category/ai/feed/
2026-09-13,2026-10-01 02:21,,1,4,3,1,1,0,3,0,3,2,1,0,https://venturebeat.com/category/ai/feed/
2026-09-14,2026-10-01 02:21,,1,2,2,0,1,0,2,0,2,2,0,0,https://venturebeat.com/category/ai/feed/
2026-09-15,2026-10-01 02:21,,1,9,5,1,1,0,5,0,5,5,0,0,https://venturebeat.com/category/ai/feed/
2026-09-16,2026-10-01 02:21,,1,14,5,1,1,0,5,0,5,5,0,0,https://venturebeat.com/category/ai/feed/
2026-09-17,2026-10-01 02:21,,1,10,3,3,1,0,3,0,3,0,3,0,https://venturebeat.com/category/ai/feed/
2026-09-18,2026-10-01 02:21,,1,21,5,1,1,0,5,0,5,4,1,0,https://venturebeat.com/category/ai/feed/
2026-09-19,2026-10-01 02:21,,1,14,5,0,1,0,5,0,5,5,0,0,https://venturebeat.com/category/ai/feed/
2026-09-20,2026-10-01 02:21,,1,10,4,2,1,0,4,0,4,4,0,0,https://venturebeat.com/category/ai/feed/
2026-09-21,2026-10-01 02:21,,1,8,3,3,1,0,3,0,3,3,0,0,https://venturebeat.com/category/ai/feed/
2026-09-22,2026-10-01 02:21,,1,15,5,1,1,0,5,0,5,5,0,0,https://venturebeat.com/category/ai/feed/
2026-09-23,2026-10-01 02:21,,1,17,1,0,1,0,1,0,1,1,0,0,https://venturebeat.com/category/ai/feed/
2026-09-24,2026-10-01 02:21,,1,20,4,1,1,0,4,0,4,4,0,0,https://venturebeat.com/category/ai/feed/
2026-09-25,2026-10-01 02:21,,1,16,5,0,1,0,5,0,5,1,4,0,https://venturebeat.com/category/ai/feed/
2026-09-26,2026-10-01 02:21,,1,20,1,4,1,0,1,0,1,1,0,0,https://venturebeat.com/category/ai/feed/
2026-09-27,2026-10-01 02:21,,1,7,2,0,1,0,2,0,2,2,0,0,https://venturebeat.com/category/ai/feed/
2026-09-28,2026-10-01 02:21,,2,4,3,1,1,0,3,0,3,2,1,0,https://news.google.com/rss/search?q=AI+OR+Artificial+Intelligence&hl=ko&gl=KR&ceid=KR:ko;https://venturebeat.com/category/ai/feed/
2026-09-29,2026-10-01 02:21,,1,20,2,4,1,0,2,0,2,2,0,0,https://venturebeat.com/category/ai/feed/
2026-09-30,2026-10-01 02:21,,1,300,5,1,1,1,5,0,5,5,0,0,https://venturebeat.com/category/ai/feed/
2026-10-01,2026-10-01 23:42,35,2,300,30,270,1,0,10,0,10,10,0,0,https://rss.etnews.com/04.xml;https://venturebeat.com/category/ai/feed/
2026-10-02,2026-10-02 13:21,36,1,300,30,270,1,0,10,0,10,10,0,0,https://venturebeat.com/category/ai/feed/
2026-10-03,2026-10-03 20:18,36,1,219,30,189,1,0,10,0,10,10,0,0,https://venturebeat.com/category/ai/feed/
2026-10-04,2026-10-04 13:34,35,2,109,30,79,1,0,10,0,10,10,0,0,https://rss.etnews.com/04.xml;https://venturebeat.com/category/ai/feed/
2026-10-05,2026-10-05 13:20,36,1,106,30,76,1,0,10,0,10,10,0,0,https://venturebeat.com/category/ai/feed/
2026-10-06,2026-10-07 00:57,36,1,253,30,223,1,1,10,0,10,10,0,0,https://venturebeat.com/category/ai/feed/
2026-10-07,2026-10-08 01:34,36,1,300,30,270,1,0,10,0,10,10,0,0,https://venturebeat.com/category/ai/feed/
